degree,con_num
2,7.603453162872774
4,16.087407834572872
6,31.736935035632946
8,53.861886710083915
10,83.82063421273932
12,122.32639899019615
14,170.12014345707954
