degree,con_num
2,4.5643373014573525
4,7.1449286166814705
6,10.288186768800344
8,13.55827439292292
10,17.04470992158787
12,20.600734119316137
14,24.28417014192226
