degree,con_num
2,3.674234614174767
4,11.01469606533765
6,46.035891909998284
8,243.95198338531642
10,1230.7756676240472
12,6805.717378517821
14,36438.52515686374
