degree,con_num
2,6.09302880347697
4,27.47157621979488
6,103.75301953437301
8,448.9449826332739
10,2139.6033021344324
12,10278.097737172695
14,52489.015197082634
