degree,con_num
2,6.1334762265623395
4,11.704214604080084
6,19.56589019722453
8,29.39944201132771
10,41.49690255169173
12,55.70812296790276
14,72.21285555469134
