degree,con_num
2,6.354132513569418
4,10.969655114602892
6,16.706338443418616
8,22.771549576153625
10,29.61746670452115
12,36.812953085231655
14,44.63266329053832
