degree,con_num
2,7.500000000000001
4,28.503375086195444
6,139.42519235243975
8,820.0324158099581
