degree,con_num
2,5.8630196997792865
4,9.396047801374483
6,12.964265884440993
8,16.37740563681765
10,19.843316226747728
12,23.265587644133834
14,26.730642365438726
