degree,con_num
2,4.769696007084729
4,8.236099400403893
6,12.641506726165689
8,17.604736674931136
10,23.280761854995614
12,29.485181389447618
14,36.29212829797647
