degree,con_num
2,264.7245515244058
4,4647092.947271828
6,-1
8,-1
10,-1
12,-1
14,-1
