degree,con_num
2,3.674234614174767
4,7.478539254608219
6,22.45652935250323
8,85.48208891944326
10,370.19477132298334
12,1713.863392101841
14,8260.979180397133
