degree,con_num
2,10.15504295906703
4,0.9999999999999998
6,1470.6236387347185
8,23775.295351618017
10,1513300291.1906774
12,1252518174.1865175
14,1234056529.0134072
