degree,con_num
2,8.74642784226795
4,176829.32145502983
6,673461.3141395045
8,2819848.9060990247
10,2610227.2498334204
12,235258.9112902012
14,46191.41240531131
