degree,con_num
2,8.930457065352767
4,355569.50319705694
6,3.3644569128081354
8,2274736722.762441
10,370795562124.6571
12,3553.5496862824034
14,95380.24742765582
