degree,con_num
2,172.02513322856385
4,0.9999999999999998
6,29.263847762887348
8,752.8663585864
10,-1
12,467.29761852178297
14,10694.501189583034
