degree,con_num
2,6.354132513569418
4,13.758751170788791
6,22.786491633521063
8,32.96959144910997
10,44.12786105587876
12,56.06860800473059
14,68.71413667005143
