degree,con_num
2,449.24919525744644
4,694536.5105926407
6,-1
8,-1
10,-1
12,-1
14,-1
