degree,con_num
2,5.8630196997792865
4,13.708643349669059
6,25.330761933779446
8,39.905724278898106
10,57.29567253114772
12,77.3463631247308
14,99.81568972400743
