degree,con_num
2,4.5643373014573525
4,8.605931038436918
6,13.411885733813362
8,18.699676938072443
10,24.439019987544754
12,30.51659947530886
14,36.919795175518566
