degree,con_num
2,4.564337301457353
4,16.39899587451209
6,72.67703108475963
8,340.94072366557083
10,1674.9159486821286
12,8482.77477475374
14,44011.68968770054
