degree,con_num
2,6.354132513569415
4,30.554255022827814
6,149.2403779634648
8,734.2680303849243
10,3696.2643875944727
12,19363.514345208845
14,104061.8690321007
