degree,con_num
2,5.8630196997792865
4,30.106218211525693
6,169.50230311626666
8,929.3179376530212
10,5186.151668504701
12,10030.51468899293
14,88665.59429866045
