degree,con_num
2,449.24919525744684
4,881481.9279994847
6,-1
8,-1
10,-1
12,-1
14,-1
