degree,con_num
2,3.674234614174767
4,6.3639610306789285
6,9.20326029187483
8,12.11404143958572
10,15.101876263122628
12,18.139429122463827
14,21.228005208408185
