degree,con_num
2,12.777543778050616
4,67.31718830392299
6,285.44976008677156
8,1358.3584143843773
