degree,con_num
2,12.82575533838066
4,28.920071028820455
6,52.535571495993466
8,82.74158903385475
