degree,con_num
2,11.97914855071094
4,33.01185775683556
6,70.40383688229412
8,126.9022663362557
