degree,con_num
2,14.852304884446902
4,40.92584343344902
6,98.47053696866139
8,201.81265403265206
