degree,con_num
2,9.886859966642595
4,24.526138130837136
6,52.36495096488433
8,95.69359617098283
