degree,con_num
2,20.282735469740217
4,63.16425231448674
6,192.73566084738582
8,473.7272685633503
