degree,con_num
2,9.759592859528286
4,22.2128775706012
6,43.054783539693915
8,72.3560266305445
