degree,con_num
2,7.500000000000001
4,20.539019806145305
6,73.01406078302225
8,303.5180643629456
