degree,con_num
2,9.759592859528286
4,26.455685828633246
6,54.0260668886029
8,93.2764725956849
