degree,con_num
2,11.97914855071094
4,36.090181694564414
6,78.88654660743785
8,143.1603812551156
