degree,con_num
2,12.82575533838066
4,41.80874572988311
6,100.06683152174432
8,196.49164535707243
