degree,con_num
2,12.82575533838066
4,89.60289999492198
6,608.3114366766079
8,3882.166440545488
