degree,con_num
2,9.759592859528286
4,49.072408253021976
6,260.3477140487696
8,1395.490772465935
