degree,con_num
2,11.979148550710939
4,72.51603271001524
6,406.06214777024906
8,2206.0580856191723
