degree,con_num
2,7.500000000000001
4,19.009208294929067
6,36.53923076113377
8,60.30352150482054
10,90.77450730502802
